order_index,wap
0,WAP470
1,WAP420
2,WAP190
3,WAP210
4,WAP407
5,WAP221
6,WAP200
7,WAP079
8,WAP252
9,WAP357
10,WAP347
11,WAP474
12,WAP213
13,WAP450
14,WAP373
15,WAP463
16,WAP519
17,WAP251
18,WAP197
19,WAP510
20,WAP408
21,WAP207
22,WAP361
23,WAP412
24,WAP417
25,WAP321
26,WAP339
27,WAP395
28,WAP352
29,WAP208
30,WAP209
31,WAP193
32,WAP194
33,WAP195
34,WAP196
35,WAP157
36,WAP462
37,WAP219
38,WAP211
39,WAP212
40,WAP439
41,WAP425
42,WAP448
43,WAP424
44,WAP220
45,WAP466
46,WAP421
47,WAP476
48,WAP426
49,WAP001
50,WAP297
51,WAP406
52,WAP397
53,WAP285
54,WAP341
55,WAP379
56,WAP267
57,WAP322
58,WAP205
59,WAP378
60,WAP266
61,WAP153
62,WAP283
63,WAP475
64,WAP017
65,WAP343
66,WAP306
67,WAP018
68,WAP100
69,WAP163
70,WAP363
71,WAP414
72,WAP354
73,WAP459
74,WAP198
75,WAP086
76,WAP055
77,WAP056
78,WAP021
79,WAP022
80,WAP454
81,WAP477
82,WAP493
83,WAP499
84,WAP514
85,WAP250
86,WAP513
87,WAP492
88,WAP498
89,WAP432
90,WAP010
91,WAP257
92,WAP312
93,WAP368
94,WAP366
95,WAP255
96,WAP310
97,WAP256
98,WAP311
99,WAP367
100,WAP015
101,WAP016
102,WAP148
103,WAP149
104,WAP088
105,WAP089
106,WAP178
107,WAP179
108,WAP037
109,WAP038
110,WAP396
111,WAP284
112,WAP340
113,WAP394
114,WAP282
115,WAP338
116,WAP386
117,WAP274
118,WAP329
119,WAP369
120,WAP258
121,WAP313
122,WAP372
123,WAP261
124,WAP316
125,WAP371
126,WAP260
127,WAP315
128,WAP405
129,WAP295
130,WAP351
131,WAP375
132,WAP263
133,WAP318
134,WAP370
135,WAP259
136,WAP314
137,WAP390
138,WAP278
139,WAP334
140,WAP374
141,WAP262
142,WAP317
143,WAP400
144,WAP288
145,WAP344
146,WAP174
147,WAP175
148,WAP188
149,WAP189
150,WAP186
151,WAP187
152,WAP164
153,WAP165
154,WAP111
155,WAP112
156,WAP109
157,WAP110
158,WAP206
159,WAP136
160,WAP137
161,WAP129
162,WAP130
163,WAP123
164,WAP124
165,WAP119
166,WAP120
167,WAP166
168,WAP167
169,WAP170
170,WAP171
171,WAP182
172,WAP183
173,WAP184
174,WAP185
175,WAP446
176,WAP490
177,WAP468
178,WAP191
179,WAP192
180,WAP168
181,WAP169
182,WAP090
183,WAP091
184,WAP172
185,WAP173
186,WAP008
187,WAP150
188,WAP151
189,WAP103
190,WAP104
191,WAP105
192,WAP106
193,WAP134
194,WAP135
195,WAP125
196,WAP126
197,WAP133
198,WAP006
199,WAP107
200,WAP108
201,WAP101
202,WAP102
203,WAP140
204,WAP141
205,WAP222
206,WAP223
207,WAP146
208,WAP147
209,WAP176
210,WAP177
211,WAP180
212,WAP181
213,WAP115
214,WAP116
215,WAP113
216,WAP114
217,WAP503
218,WAP121
219,WAP122
220,WAP478
221,WAP131
222,WAP132
223,WAP098
224,WAP099
225,WAP117
226,WAP118
227,WAP077
228,WAP078
229,WAP502
230,WAP496
231,WAP517
232,WAP203
233,WAP204
234,WAP489
235,WAP096
236,WAP097
237,WAP516
238,WAP495
239,WAP501
240,WAP486
241,WAP073
242,WAP074
243,WAP069
244,WAP070
245,WAP067
246,WAP068
247,WAP389
248,WAP277
249,WAP332
250,WAP059
251,WAP060
252,WAP484
253,WAP398
254,WAP286
255,WAP342
256,WAP082
257,WAP083
258,WAP084
259,WAP085
260,WAP065
261,WAP066
262,WAP061
263,WAP062
264,WAP087
265,WAP391
266,WAP279
267,WAP335
268,WAP063
269,WAP064
270,WAP479
271,WAP483
272,WAP481
273,WAP138
274,WAP139
275,WAP511
276,WAP127
277,WAP128
278,WAP011
279,WAP012
280,WAP144
281,WAP145
282,WAP249
283,WAP362
284,WAP305
285,WAP413
286,WAP264
287,WAP319
288,WAP376
289,WAP071
290,WAP072
291,WAP019
292,WAP020
293,WAP049
294,WAP050
295,WAP009
296,WAP025
297,WAP026
298,WAP248
299,WAP447
300,WAP434
301,WAP080
302,WAP081
303,WAP039
304,WAP040
305,WAP053
306,WAP054
307,WAP155
308,WAP156
309,WAP225
310,WAP253
311,WAP029
312,WAP030
313,WAP154
314,WAP041
315,WAP042
316,WAP013
317,WAP014
318,WAP047
319,WAP048
320,WAP045
321,WAP046
322,WAP443
323,WAP007
324,WAP023
325,WAP024
326,WAP385
327,WAP331
328,WAP388
329,WAP291
330,WAP411
331,WAP309
332,WAP273
333,WAP302
334,WAP359
335,WAP002
336,WAP415
337,WAP308
338,WAP364
339,WAP356
340,WAP410
341,WAP328
342,WAP355
343,WAP358
344,WAP270
345,WAP325
346,WAP382
347,WAP326
348,WAP271
349,WAP383
350,WAP057
351,WAP058
352,WAP027
353,WAP028
354,WAP031
355,WAP032
356,WAP075
357,WAP076
358,WAP452
359,WAP224
360,WAP033
361,WAP034
362,WAP043
363,WAP044
364,WAP161
365,WAP162
366,WAP051
367,WAP052
368,WAP035
369,WAP036
370,WAP142
371,WAP143
372,WAP269
373,WAP324
374,WAP337
375,WAP299
376,WAP399
377,WAP275
378,WAP330
379,WAP402
380,WAP290
381,WAP346
382,WAP380
383,WAP268
384,WAP323
385,WAP404
386,WAP294
387,WAP350
388,WAP336
389,WAP280
390,WAP392
391,WAP401
392,WAP289
393,WAP345
394,WAP384
395,WAP272
396,WAP327
397,WAP409
398,WAP287
399,WAP515
400,WAP494
401,WAP500
402,WAP265
403,WAP320
404,WAP377
405,WAP403
406,WAP348
407,WAP292
408,WAP276
409,WAP387
410,WAP298
411,WAP300
412,WAP381
413,WAP201
414,WAP202
415,WAP281
416,WAP393
417,WAP228
418,WAP427
419,WAP436
420,WAP471
421,WAP231
422,WAP469
423,WAP214
424,WAP460
425,WAP508
426,WAP431
427,WAP461
428,WAP512
429,WAP518
430,WAP430
431,WAP199
432,WAP437
433,WAP457
434,WAP235
435,WAP464
436,WAP507
437,WAP472
438,WAP509
439,WAP216
440,WAP505
441,WAP480
442,WAP005
443,WAP435
444,WAP218
445,WAP504
446,WAP453
447,WAP506
448,WAP418
449,WAP440
450,WAP473
451,WAP465
452,WAP467
453,WAP422
454,WAP455
455,WAP229
456,WAP428
457,WAP456
458,WAP236
459,WAP234
460,WAP230
461,WAP232
462,WAP233
463,WAP237
464,WAP449
